problem,search.method,plan.length,metric.search,initial.heuristic.val,planning.time.msec,heuristic.time.msec,search.time.msec,grounding.time,expanded.nodes,states.evaluated,duplicates.detected,dead.ends,domain,grounded.fluents,grounded.external.actions,grounded.actions,grounded.predicates,grounded.events
instance-_1,aibr,52,52.0,165,2244,1263,1369,27,53,1959,100,0,block-grouping,0,20,40,0,0
instance-_1,aibr,98,98.0,291,9118,7940,8098,68,107,5839,216,0,block-grouping,0,30,60,0,0
instance-_3,hmax,44,44.0,6,26568,24320,25649,35,17252,386889,272641,0,block-grouping,0,20,40,0,0
instance-_1,hrmax,60,60.0,17,662429,658113,661270,28,25583,580235,442954,0,block-grouping,0,20,40,0,0
instance-_1,hmrp,85,85.0,154,4450,2589,2791,36,86,4709,122,0,block-grouping,0,30,60,0,0
instance-_1,hmrp,51,51.0,83,1856,944,1153,35,52,1928,76,0,block-grouping,0,20,40,0,0
instance-_2,hmax,67,67.0,9,173776,163938,172845,37,158246,3087044,3010878,0,block-grouping,0,20,40,0,0
instance-_3,hmrp,33,33.0,67,1638,680,737,29,34,1216,55,0,block-grouping,0,20,40,0,0
instance-_2,aibr,55,55.0,170,2008,1136,1337,42,56,2082,107,0,block-grouping,0,20,40,0,0
instance-_1,hmax,61,61.0,9,178194,169747,177474,60,126238,2632957,2402330,0,block-grouping,0,20,40,0,0
instance-_3,aibr,34,34.0,114,1943,1042,1184,62,35,1186,64,0,block-grouping,0,20,40,0,0
instance-_2,hmrp,61,61.0,103,2497,798,978,46,72,2487,148,0,block-grouping,0,20,40,0,0
instance-_2,hrmax,63,63.0,18,3066276,3059108,3065064,29,51297,1104522,937074,0,block-grouping,0,20,40,0,0
instance-_3,hrmax,47,47.0,11,430891,428045,429975,31,17354,376561,275493,0,block-grouping,0,20,40,0,0
instance-_1229,hrmax,112,112.0,111,654,13,45,31,113,228,217,0,farmland,0,2,4,0,0
instance-_1229,aibr,71,71.0,20,1503,730,831,50,1035,9075,9105,0,farmland,0,6,28,0,0
instance-_1229,hmax,115,115.0,111,791,33,161,35,118,705,233,0,farmland,0,4,16,0,0
instance-_1229,hrmax,468,468.0,451,2677,1615,1997,49,1529,18393,13822,0,farmland,0,10,52,0,0
instance-_1229,aibr,169,169.0,58,802,115,165,43,203,410,395,0,farmland,0,2,4,0,0
instance-_1229,hmrp,512,512.0,512,778,35,202,29,513,1028,1017,0,farmland,0,2,4,0,0
instance-_1229,aibr,496,496.0,141,42450,40756,41742,64,19367,380593,220693,0,farmland,0,10,52,0,0
instance-_1229,hmax,180,180.0,172,1105,235,403,82,332,4502,1699,0,farmland,0,8,40,0,0
instance-_1229,hrmax,128,128.0,108,2856,1350,1636,172,1251,16720,13496,0,farmland,0,10,52,0,0
instance-_1229,hrmax,455,455.0,454,662,27,87,29,456,914,903,0,farmland,0,2,4,0,0
instance-_1229,hmax,399,399.0,394,1009,247,408,33,418,4144,891,0,farmland,0,6,28,0,0
instance-_1229,hrmax,113,113.0,110,777,104,160,38,115,1142,223,0,farmland,0,6,28,0,0
instance-_1229,hmrp,357,357.0,355,1358,576,719,43,362,6491,726,0,farmland,0,8,40,0,0
instance-_1229,hmax,284,284.0,283,723,60,136,34,285,572,561,0,farmland,0,2,4,0,0
instance-_1229,aibr,233,233.0,85,1649,995,1072,38,1094,6831,6229,0,farmland,0,4,16,0,0
instance-_1229,hmax,69,69.0,50,1146,332,447,54,630,8113,5202,0,farmland,0,10,52,0,0
instance-_1229,aibr,104,104.0,36,2564,1550,1815,72,1210,17595,8993,0,farmland,0,8,40,0,0
instance-_1229,hrmax,456,456.0,453,1626,243,327,46,458,4572,909,0,farmland,0,6,28,0,0
instance-_1229,hmax,572,572.0,568,967,136,337,29,574,3443,1141,0,farmland,0,4,16,0,0
instance-_1229,hrmax,284,284.0,283,859,23,78,50,285,572,561,0,farmland,0,2,4,0,0
instance-_1229,hmrp,171,171.0,170,1100,120,202,37,173,1730,340,0,farmland,0,6,28,0,0
instance-_1229,hmrp,55,55.0,55,634,12,42,35,56,114,103,0,farmland,0,2,4,0,0
instance-_1229,hmrp,293,293.0,285,2176,466,706,61,487,8410,2391,0,farmland,0,10,52,0,0
instance-_1229,hrmax,295,295.0,280,1718,847,1058,41,954,11784,8066,0,farmland,0,10,52,0,0
instance-_1229,hmax,447,447.0,439,1781,294,574,42,636,8904,2535,0,farmland,0,8,40,0,0
instance-_1229,aibr,537,537.0,168,8030,7159,7382,52,4339,40033,30213,0,farmland,0,6,28,0,0
instance-_1229,hrmax,285,285.0,281,1026,319,417,35,287,2869,567,0,farmland,0,6,28,0,0
instance-_1229,hmax,525,525.0,507,2173,1171,1388,64,1807,21258,16154,0,farmland,0,10,52,0,0
instance-_1229,hmrp,343,343.0,343,934,212,333,30,344,2741,679,0,farmland,0,4,16,0,0
instance-_1229,hmax,285,285.0,280,1018,140,391,39,298,2958,628,0,farmland,0,6,28,0,0
instance-_1229,aibr,351,351.0,126,1989,1154,1339,55,1103,7521,5379,0,farmland,0,4,16,0,0
instance-_1229,hmax,398,398.0,397,697,32,102,42,399,800,789,0,farmland,0,2,4,0,0
instance-_1229,hrmax,353,353.0,337,2892,1726,2163,58,1856,20896,19710,0,farmland,0,10,52,0,0
instance-_1229,hmax,186,186.0,164,1924,1065,1259,57,1709,19310,17654,0,farmland,0,10,52,0,0
instance-_1229,hrmax,341,341.0,340,673,24,81,44,342,686,675,0,farmland,0,2,4,0,0
instance-_1229,aibr,182,182.0,55,2375,1346,1431,49,1418,11779,9264,0,farmland,0,6,28,0,0
instance-_1229,aibr,55,55.0,19,686,40,66,52,67,137,124,0,farmland,0,2,4,0,0
instance-_1229,aibr,409,409.0,103,191269,183938,190617,44,135409,2365394,2328121,0,farmland,0,10,52,0,0
instance-_1229,hmax,270,270.0,261,1031,292,419,34,372,5571,1306,0,farmland,0,8,40,0,0
instance-_1229,hrmax,342,342.0,339,1117,212,482,43,344,3435,682,0,farmland,0,6,28,0,0
instance-_1229,hmrp,513,513.0,513,938,228,314,41,514,6151,1019,0,farmland,0,6,28,0,0
instance-_1229,hmrp,229,229.0,229,780,120,185,32,230,1829,451,0,farmland,0,4,16,0,0
instance-_1229,aibr,405,405.0,152,7478,6485,6729,65,3025,46221,22111,0,farmland,0,8,40,0,0
instance-_1229,hrmax,68,68.0,51,1865,750,1029,102,387,4834,3305,0,farmland,0,10,52,0,0
instance-_1229,hmrp,91,91.0,88,1055,249,337,69,93,1570,179,0,farmland,0,8,40,0,0
instance-_1229,hrmax,55,55.0,54,616,10,31,30,56,114,103,0,farmland,0,2,4,0,0
instance-_1229,hmrp,56,56.0,55,802,82,118,50,57,566,105,0,farmland,0,6,28,0,0
instance-_1229,hmrp,169,169.0,169,727,42,84,47,170,342,331,0,farmland,0,2,4,0,0
instance-_1229,hrmax,571,571.0,567,1463,378,721,51,573,5729,1139,0,farmland,0,6,28,0,0
instance-_1229,hmax,458,458.0,454,1150,273,378,37,461,2763,919,0,farmland,0,4,16,0,0
instance-_1229,aibr,514,514.0,178,939,316,389,39,612,1234,1205,0,farmland,0,2,4,0,0
instance-_1229,hmrp,409,409.0,399,2249,1014,1507,49,576,9802,2204,0,farmland,0,10,52,0,0
instance-_1229,hrmax,56,56.0,53,993,178,310,48,58,572,109,0,farmland,0,6,28,0,0
instance-_1229,hmrp,284,284.0,284,676,46,88,28,285,572,561,0,farmland,0,2,4,0,0
instance-_1229,hmax,358,358.0,350,1237,319,592,55,476,6762,1726,0,farmland,0,8,40,0,0
instance-_1229,hmrp,399,399.0,398,980,212,363,44,400,3996,791,0,farmland,0,6,28,0,0
instance-_1229,hmrp,572,572.0,571,1267,109,244,36,573,3437,1137,0,farmland,0,4,16,0,0
instance-_1229,hmrp,65,65.0,57,1250,378,449,47,129,2226,629,0,farmland,0,10,52,0,0
instance-_1229,hmrp,115,115.0,114,921,84,293,37,116,695,223,0,farmland,0,4,16,0,0
instance-_1229,hmrp,179,179.0,177,1374,554,683,48,182,3127,356,0,farmland,0,8,40,0,0
instance-_1229,hmax,512,512.0,511,816,89,235,31,513,1028,1017,0,farmland,0,2,4,0,0
instance-_1229,aibr,466,466.0,169,3051,2289,2407,61,1520,13371,7755,0,farmland,0,4,16,0,0
instance-_1229,hmrp,522,522.0,514,2076,1254,1420,51,775,13076,3503,0,farmland,0,10,52,0,0
instance-_1229,aibr,400,400.0,138,910,262,322,39,475,960,933,0,farmland,0,2,4,0,0
instance-_1229,hmax,343,343.0,340,966,203,350,50,346,2071,687,0,farmland,0,4,16,0,0
instance-_1229,hrmax,399,399.0,396,1138,247,526,47,401,4002,795,0,farmland,0,6,28,0,0
instance-_1229,aibr,299,299.0,95,2904,1710,1801,34,1640,13698,9491,0,farmland,0,6,28,0,0
instance-_1229,aibr,240,240.0,63,69550,65610,68144,55,46559,853690,716043,0,farmland,0,10,52,0,0
instance-_1229,hmax,55,55.0,54,605,9,24,41,56,114,103,0,farmland,0,2,4,0,0
instance-_1229,hrmax,398,398.0,397,769,28,122,43,399,800,789,0,farmland,0,2,4,0,0
instance-_1229,hmax,171,171.0,166,896,112,240,57,184,1818,400,0,farmland,0,6,28,0,0
instance-_1229,hmax,297,297.0,278,1438,489,776,53,804,10437,5823,0,farmland,0,10,52,0,0
instance-_1229,aibr,306,306.0,113,6046,4793,4975,43,2806,42581,19488,0,farmland,0,8,40,0,0
instance-_1229,hrmax,410,410.0,394,2748,1358,1730,64,1605,18361,15646,0,farmland,0,10,52,0,0
instance-_1229,hmrp,446,446.0,443,1299,461,609,36,451,8093,904,0,farmland,0,8,40,0,0
instance-_1229,hrmax,228,228.0,224,852,162,236,48,230,2299,453,0,farmland,0,6,28,0,0
instance-_1229,hmax,513,513.0,509,1339,204,319,49,527,5244,1088,0,farmland,0,6,28,0,0
instance-_1229,aibr,506,506.0,191,9036,7951,8253,39,2929,45671,16937,0,farmland,0,8,40,0,0
instance-_1229,hmrp,268,268.0,266,1384,607,711,44,272,4878,540,0,farmland,0,8,40,0,0
instance-_1229,hrmax,239,239.0,222,2335,953,1679,62,824,10322,6428,0,farmland,0,10,52,0,0
instance-_1229,aibr,681,681.0,180,148947,144367,148279,44,83108,1565660,1259466,0,farmland,0,10,52,0,0
instance-_1229,hmrp,398,398.0,398,884,52,247,34,399,800,789,0,farmland,0,2,4,0,0
instance-_1229,hmrp,285,285.0,284,1030,290,411,41,287,2870,568,0,farmland,0,6,28,0,0
instance-_1229,hrmax,227,227.0,226,683,37,83,36,228,458,447,0,farmland,0,2,4,0,0
instance-_1229,hmrp,180,180.0,171,1258,514,587,43,265,4691,987,0,farmland,0,10,52,0,0
instance-_1229,hmax,169,169.0,168,751,73,131,28,170,342,331,0,farmland,0,2,4,0,0
instance-_1229,aibr,118,118.0,43,1029,341,416,37,336,2138,1512,0,farmland,0,4,16,0,0
instance-_1229,hmax,56,56.0,51,684,59,97,49,62,611,127,0,farmland,0,6,28,0,0
instance-_1229,hrmax,513,513.0,510,1595,427,848,32,515,5142,1023,0,farmland,0,6,28,0,0
instance-_1229,hrmax,171,171.0,167,831,139,211,31,173,1729,339,0,farmland,0,6,28,0,0
instance-_1229,hmrp,458,458.0,457,1194,192,533,39,459,2753,909,0,farmland,0,4,16,0,0
instance-_1229,hmax,409,409.0,392,1656,835,976,38,1339,15063,10850,0,farmland,0,10,52,0,0
instance-_1229,aibr,201,201.0,75,4003,3162,3302,47,1649,25700,11013,0,farmland,0,8,40,0,0
instance-_1229,hrmax,183,183.0,165,3083,2176,2394,56,2381,29607,26957,0,farmland,0,10,52,0,0
instance-_1229,hmax,229,229.0,226,1073,125,224,41,232,1387,459,0,farmland,0,4,16,0,0
instance-_1229,aibr,286,286.0,98,829,193,241,28,342,691,669,0,farmland,0,2,4,0,0
instance-_1229,hrmax,572,572.0,568,986,134,350,41,573,3439,1137,0,farmland,0,4,16,0,0
instance-_1229,hrmax,512,512.0,511,986,23,128,31,513,1028,1017,0,farmland,0,2,4,0,0
instance-_1229,aibr,413,413.0,133,4011,2795,2954,61,2413,20966,15195,0,farmland,0,6,28,0,0
instance-_1229,aibr,580,580.0,211,3413,2670,2786,30,1858,12084,9048,0,farmland,0,4,16,0,0
instance-_1229,hrmax,169,169.0,168,733,29,71,27,170,342,331,0,farmland,0,2,4,0,0
instance-_1229,hmax,92,92.0,83,819,145,194,38,184,2545,924,0,farmland,0,8,40,0,0
instance-_1229,hrmax,534,534.0,508,3793,2621,2943,98,3531,37962,39310,0,farmland,0,10,52,0,0
instance-_1229,hmrp,237,237.0,228,1798,931,1102,42,354,6035,1465,0,farmland,0,10,52,0,0
instance-_1229,aibr,477,477.0,151,4743,3954,4125,40,2692,21542,16573,0,farmland,0,6,28,0,0
instance-_1229,hmrp,113,113.0,113,835,108,199,46,114,1351,219,0,farmland,0,6,28,0,0
instance-_1229,hmrp,46,46.0,43,926,182,245,37,50,880,99,0,farmland,0,8,40,0,0
instance-_1229,hmax,473,473.0,450,2060,1104,1280,41,1507,19794,10907,0,farmland,0,10,52,0,0
instance-_1229,hrmax,400,400.0,397,725,79,145,30,401,2403,793,0,farmland,0,4,16,0,0
instance-_1229,hmrp,400,400.0,400,944,112,187,37,401,2403,793,0,farmland,0,4,16,0,0
instance-_1229,hmax,224,224.0,216,1025,289,372,52,277,4025,837,0,farmland,0,8,40,0,0
instance-_1229,aibr,457,457.0,121,96005,92483,95301,59,54269,1082552,813017,0,farmland,0,10,52,0,0
instance-_1229,hmrp,569,569.0,569,880,96,195,46,570,1142,1131,0,farmland,0,2,4,0,0
instance-_1229,hmrp,455,455.0,455,766,59,136,33,456,914,903,0,farmland,0,2,4,0,0
instance-_1229,hrmax,313,313.0,306,1458,661,826,44,398,5671,1325,0,farmland,0,8,40,0,0
instance-_1229,hmrp,579,579.0,571,2613,1052,1364,81,772,13010,2975,0,farmland,0,10,52,0,0
instance-_1229,hmax,172,172.0,168,1078,78,148,59,174,1043,341,0,farmland,0,4,16,0,0
instance-_1229,aibr,112,112.0,39,757,55,98,38,134,271,258,0,farmland,0,2,4,0,0
instance-_1229,aibr,157,157.0,59,3094,2303,2447,40,1325,20645,9304,0,farmland,0,8,40,0,0
instance-_1229,hmrp,571,571.0,570,1508,785,907,37,573,5730,1140,0,farmland,0,6,28,0,0
instance-_1229,hmax,342,342.0,337,1134,379,496,58,362,3582,783,0,farmland,0,6,28,0,0
instance-_1229,hmax,227,227.0,226,710,38,96,37,228,458,447,0,farmland,0,2,4,0,0
instance-_1229,hmrp,402,402.0,399,1510,554,729,47,404,7248,805,0,farmland,0,8,40,0,0
instance-_1229,aibr,288,288.0,106,1577,854,984,47,754,4806,3316,0,farmland,0,4,16,0,0
instance-_1229,hmrp,135,135.0,132,1116,311,416,71,138,2461,275,0,farmland,0,8,40,0,0
instance-_1229,aibr,601,601.0,190,10859,9957,10235,43,5776,51004,42362,0,farmland,0,6,28,0,0
instance-_1229,hrmax,179,179.0,173,1534,494,871,48,284,3835,1305,0,farmland,0,8,40,0,0
instance-_1229,hmrp,286,286.0,286,1068,200,437,41,287,2285,565,0,farmland,0,4,16,0,0
instance-_1229,aibr,452,452.0,174,8777,7919,8146,34,3000,48875,17886,0,farmland,0,8,40,0,0
instance-_1229,hmax,515,515.0,511,1224,228,435,53,518,3105,1033,0,farmland,0,4,16,0,0
instance-_1229,hrmax,172,172.0,168,796,67,150,62,173,1039,337,0,farmland,0,4,16,0,0
instance-_1229,hmrp,352,352.0,342,2276,1143,1472,53,553,9682,2478,0,farmland,0,10,52,0,0
instance-_1229,aibr,569,569.0,197,1029,422,482,37,674,1356,1333,0,farmland,0,2,4,0,0
instance-_1229,aibr,457,457.0,158,921,304,382,33,544,1098,1069,0,farmland,0,2,4,0,0
instance-_1229,aibr,690,690.0,201,113659,110025,112979,53,55014,1081697,805422,0,farmland,0,10,52,0,0
instance-_1229,hmrp,112,112.0,112,633,11,42,30,113,228,217,0,farmland,0,2,4,0,0
instance-_1229,hrmax,515,515.0,511,1116,228,451,42,516,3097,1023,0,farmland,0,4,16,0,0
instance-_1229,aibr,59,59.0,20,1985,1261,1386,45,1091,15839,10353,0,farmland,0,8,40,0,0
instance-_1229,hmax,128,128.0,107,2184,388,957,173,800,10426,6549,0,farmland,0,10,52,0,0
instance-_1229,hrmax,135,135.0,129,1352,454,702,44,186,2675,621,0,farmland,0,8,40,0,0
instance-_1229,hrmax,402,402.0,395,1239,478,617,44,498,7110,1624,0,farmland,0,8,40,0,0
instance-_1229,hmax,228,228.0,223,885,124,262,57,233,2325,471,0,farmland,0,6,28,0,0
instance-_1229,aibr,403,403.0,148,2245,1513,1622,61,1263,8552,6226,0,farmland,0,4,16,0,0
instance-_1229,hmax,341,341.0,340,716,44,138,29,342,686,675,0,farmland,0,2,4,0,0
instance-_1229,hrmax,229,229.0,226,1114,127,222,55,230,1379,451,0,farmland,0,4,16,0,0
instance-_1229,hmax,313,313.0,305,1399,406,686,62,387,5583,1188,0,farmland,0,8,40,0,0
instance-_1229,aibr,291,291.0,82,31029,29268,30301,76,17648,350168,223278,0,farmland,0,10,52,0,0
instance-_1229,hmrp,456,456.0,455,1145,380,481,50,457,4566,905,0,farmland,0,6,28,0,0
instance-_1229,aibr,128,128.0,38,1820,790,871,54,1099,9600,8206,0,farmland,0,6,28,0,0
instance-_1229,hrmax,569,569.0,568,993,56,237,49,570,1142,1131,0,farmland,0,2,4,0,0
instance-_1229,hmax,58,58.0,54,933,24,49,55,61,363,119,0,farmland,0,4,16,0,0
instance-_1229,hmax,47,47.0,39,865,137,220,37,90,1286,354,0,farmland,0,8,40,0,0
instance-_1229,aibr,167,167.0,43,147052,140324,145829,178,101430,1873903,1742176,0,farmland,0,10,52,0,0
instance-_1229,aibr,341,341.0,118,940,176,243,32,414,831,814,0,farmland,0,2,4,0,0
instance-_1229,hmrp,465,465.0,457,1869,837,983,48,552,9116,1579,0,farmland,0,10,52,0,0
instance-_1229,hrmax,286,286.0,283,795,82,153,43,287,1719,565,0,farmland,0,4,16,0,0
instance-_1229,hmax,400,400.0,397,1151,138,373,44,403,2413,801,0,farmland,0,4,16,0,0
instance-_1229,aibr,244,244.0,77,3206,2325,2506,62,2607,24734,21356,0,farmland,0,6,28,0,0
instance-_1229,hrmax,357,357.0,351,1811,555,1127,47,480,6634,1889,0,farmland,0,8,40,0,0
instance-_1229,aibr,342,342.0,136,5339,4528,4689,44,1975,30790,11620,0,farmland,0,8,40,0,0
instance-_1229,hmax,235,235.0,221,1612,641,899,63,381,5206,1644,0,farmland,0,10,52,0,0
instance-_1229,aibr,67,67.0,22,786,179,228,31,193,1209,827,0,farmland,0,4,16,0,0
instance-_1229,hrmax,584,584.0,565,2822,1820,2195,42,1996,22101,18256,0,farmland,0,10,52,0,0
instance-_1229,hmax,113,113.0,109,952,109,282,33,119,1178,245,0,farmland,0,6,28,0,0
instance-_1229,hrmax,91,91.0,84,1292,419,549,42,182,2403,971,0,farmland,0,8,40,0,0
instance-_1229,hrmax,458,458.0,454,1253,90,631,80,459,2755,909,0,farmland,0,4,16,0,0
instance-_1229,hmax,571,571.0,566,1315,434,668,53,584,5818,1200,0,farmland,0,6,28,0,0
instance-_1229,hmax,402,402.0,394,1797,428,650,63,531,7559,1941,0,farmland,0,8,40,0,0
instance-_1229,hmrp,227,227.0,227,628,25,63,39,228,458,447,0,farmland,0,2,4,0,0
instance-_1229,hrmax,115,115.0,111,830,75,154,51,116,697,223,0,farmland,0,4,16,0,0
instance-_1229,hmrp,342,342.0,341,1168,420,540,47,343,3428,679,0,farmland,0,6,28,0,0
instance-_1229,hmax,455,455.0,454,873,28,146,58,456,914,903,0,farmland,0,2,4,0,0
instance-_1229,hmax,569,569.0,568,741,18,108,31,570,1142,1131,0,farmland,0,2,4,0,0
instance-_1229,hmrp,224,224.0,221,1609,665,906,44,231,4143,476,0,farmland,0,8,40,0,0
instance-_1229,aibr,519,519.0,189,2931,2178,2271,43,1464,9911,6779,0,farmland,0,4,16,0,0
instance-_1229,hmrp,172,172.0,171,700,82,138,33,173,1037,337,0,farmland,0,4,16,0,0
instance-_1229,hrmax,224,224.0,217,1409,364,745,37,284,4060,917,0,farmland,0,8,40,0,0
instance-_1229,hmax,581,581.0,564,2229,1270,1542,55,1441,16198,10585,0,farmland,0,10,52,0,0
instance-_1229,hmrp,515,515.0,514,1018,192,382,32,516,3095,1023,0,farmland,0,4,16,0,0
instance-_1229,hrmax,58,58.0,54,790,153,193,30,59,355,109,0,farmland,0,4,16,0,0
instance-_1229,aibr,255,255.0,98,3779,2893,3087,87,1508,23299,8722,0,farmland,0,8,40,0,0
instance-_1229,hmax,352,352.0,335,2355,1345,1655,57,1676,18374,16455,0,farmland,0,10,52,0,0
instance-_1229,hmax,112,112.0,111,718,12,57,37,113,228,217,0,farmland,0,2,4,0,0
instance-_1229,aibr,178,178.0,64,1227,406,494,39,470,3019,2039,0,farmland,0,4,16,0,0
instance-_1229,hrmax,270,270.0,262,1215,424,593,35,329,4741,970,0,farmland,0,8,40,0,0
instance-_1229,hmax,136,136.0,127,1223,320,507,32,206,3007,813,0,farmland,0,8,40,0,0
instance-_1229,hmax,286,286.0,283,1015,136,329,79,289,1729,573,0,farmland,0,4,16,0,0
instance-_1229,aibr,228,228.0,78,831,175,225,35,273,553,531,0,farmland,0,2,4,0,0
instance-_1229,aibr,370,370.0,112,5853,5017,5187,48,3729,37041,28876,0,farmland,0,6,28,0,0
instance-_1229,hmax,457,457.0,451,1022,171,352,36,476,4728,997,0,farmland,0,6,28,0,0
instance-_1229,hmrp,313,313.0,310,1499,679,786,49,315,5402,619,0,farmland,0,8,40,0,0
instance-_1229,hrmax,343,343.0,340,812,127,214,45,344,2061,679,0,farmland,0,4,16,0,0
instance-_1229,hmrp,58,58.0,57,761,107,147,42,59,353,109,0,farmland,0,4,16,0,0
instance-_1229,hrmax,446,446.0,440,1384,680,779,38,611,8385,2464,0,farmland,0,8,40,0,0
instance-_1229,hrmax,46,46.0,40,1352,201,258,50,89,1235,381,0,farmland,0,8,40,0,0
instance-_1229,hmrp,124,124.0,114,2225,883,1001,178,249,4479,1261,0,farmland,0,10,52,0,0
instance-_1229,hmrp,341,341.0,341,643,32,88,32,342,686,675,0,farmland,0,2,4,0,0
instance-_1229,aibr,560,560.0,163,93897,90376,93263,40,52659,980286,786889,0,farmland,0,10,52,0,0
instance-_1229,hmrp,228,228.0,227,1173,135,447,44,230,2301,454,0,farmland,0,6,28,0,0
instance--2,aibr,286,62.0,189,744000,470467,471419,271975,65377,73276,94588,0,sokoban,188,0,272,0,0
instance--3,hmrp,177,43.0,14,57018,2290,2832,53484,19716,21550,24975,0,sokoban,315,0,528,0,0
instance--7,hrmax,168,41.0,8,36073,702,846,34379,3219,4395,4491,0,sokoban,173,0,312,0,0
instance--8,hmax,533,86.0,5,3704334,3296442,3582743,120593,21950670,25240734,31533457,0,sokoban,284,0,436,0,0
instance--7,hmax,168,41.0,8,37032,719,876,34831,3219,4395,4491,0,sokoban,173,0,312,0,0
instance--8,hrmax,533,86.0,5,3636978,3227541,3516120,120005,21950670,25240734,31533457,0,sokoban,284,0,436,0,0
instance--4,hmrp,263,47.0,27,76492,1470,1673,73674,5431,6642,8377,0,sokoban,243,0,416,0,0
instance--5,aibr,399,84.0,151,1042306,955303,957239,84369,96370,118617,132804,0,sokoban,228,0,362,0,0
instance--6,hmax,330,80.0,8,155799,32353,34625,120509,176643,200479,279785,0,sokoban,232,0,378,0,0
instance--4,aibr,463,79.0,288,783974,708918,710380,72956,73225,92472,113525,0,sokoban,243,0,416,0,0
instance--5,hmrp,385,82.0,15,91087,8451,9449,80527,58738,68543,88497,0,sokoban,228,0,362,0,0
instance--1,hmax,257,76.0,7,88475,10466,11488,76274,56843,66808,78058,0,sokoban,283,0,442,0,0
instance--2,hmrp,223,56.0,17,275379,1067,1238,273487,9418,10054,14201,0,sokoban,188,0,272,0,0
instance--3,aibr,150,39.0,188,1892330,1833852,1836734,54660,152864,170900,190664,0,sokoban,315,0,528,0,0
instance--8,hmrp,371,72.0,26,274033,137968,151292,121727,987208,1091560,1457254,0,sokoban,284,0,436,0,0
instance--1,aibr,191,64.0,168,943501,859143,860505,82271,56461,66318,79736,0,sokoban,283,0,442,0,0
instance--3,hmax,235,49.0,3,60069,3659,4368,54827,18327,25743,22452,0,sokoban,315,0,528,0,0
instance--1,hrmax,257,76.0,7,91371,10670,11710,78867,56843,66808,78058,0,sokoban,283,0,442,0,0
instance--7,hmrp,110,35.0,16,40877,3990,4363,34971,25854,32261,42089,0,sokoban,173,0,312,0,0
instance--6,aibr,376,84.0,305,46632821,46426548,46513643,118416,4724943,5819583,7215740,0,sokoban,232,0,378,0,0
instance--4,hmax,289,43.0,7,78028,1447,1746,75537,6215,7881,9060,0,sokoban,243,0,416,0,0
instance--7,aibr,81,31.0,288,136187,100769,101088,34354,12369,15206,20551,0,sokoban,173,0,312,0,0
instance--6,hmrp,254,68.0,32,128992,10547,11436,116489,50559,57388,80815,0,sokoban,232,0,378,0,0
instance--5,hmax,433,76.0,5,111584,28802,31587,79277,219022,264828,329855,0,sokoban,228,0,362,0,0
instance--6,hrmax,330,80.0,8,150776,31659,33871,116053,176643,200479,279785,0,sokoban,232,0,378,0,0
instance--1,hmrp,213,74.0,16,96625,14424,15693,80003,68347,80355,94774,0,sokoban,283,0,442,0,0
instance--2,hmax,241,60.0,7,272119,827,1004,270487,8977,9747,13292,0,sokoban,188,0,272,0,0
instance--10,hmrp,277,58.0,32,398495,7689,8714,389096,56974,61769,82915,0,sokoban,268,0,418,0,0
instance--3,hrmax,235,49.0,3,60067,3697,4358,54148,18327,25743,22452,0,sokoban,315,0,528,0,0
instance--4,hrmax,289,43.0,7,81061,1329,1476,78998,6215,7881,9060,0,sokoban,243,0,416,0,0
instance--10,aibr,297,60.0,319,5021942,4602419,4608149,413035,274543,322268,380219,0,sokoban,268,0,418,0,0
instance--5,hrmax,433,76.0,5,112041,28213,31002,80010,219022,264828,329855,0,sokoban,228,0,362,0,0
instance--10,hmax,320,62.0,9,422434,8483,9625,412173,78872,84167,117791,0,sokoban,268,0,418,0,0
instance--10,hrmax,320,62.0,9,388861,8661,9978,378122,78872,84167,117791,0,sokoban,268,0,418,0,0
instance--2,hrmax,241,60.0,7,266509,933,1140,264674,8977,9747,13292,0,sokoban,188,0,272,0,0
p09,hmax,3693,45.0,10,31540399,28764488,31387862,151531,67614404,90690222,375397364,0,ma-sokoban,312,0,996,0,0
p03,aibr,23,5.0,38,8528,479,516,7215,96,266,207,0,ma-sokoban,105,0,264,0,0
p02,hmrp,126,29.0,29,26996,380,534,25775,659,1372,1814,0,ma-sokoban,162,0,404,0,0
p06,hrmax,77,14.0,3,64390,835,989,62663,1400,3139,4025,0,ma-sokoban,242,0,632,0,0
p01,hmax,51,11.0,6,6788,100,180,5971,207,492,553,0,ma-sokoban,91,0,204,0,0
p09,hrmax,3693,45.0,10,31521235,28595047,31355610,164598,67614404,90690222,375397364,0,ma-sokoban,312,0,996,0,0
p05,hmrp,62,14.0,11,116535,11778,13152,102098,48585,71511,249734,0,ma-sokoban,192,0,648,0,0
p04,aibr,219,41.0,477,700211,648034,649140,50032,20712,64356,96536,0,ma-sokoban,244,0,906,0,0
p06,hmax,77,14.0,3,79646,636,722,78308,1400,3139,4025,0,ma-sokoban,242,0,632,0,0
p05,aibr,172,20.0,183,1330500,1225377,1228313,101237,87768,134215,448013,0,ma-sokoban,192,0,648,0,0
p04,hmrp,106,27.0,15,421029,351263,372548,47622,580952,1003179,3294303,0,ma-sokoban,244,0,906,0,0
p07,hmax,132,23.0,5,31327,3226,3589,26284,17011,22008,60780,0,ma-sokoban,183,0,420,0,0
p03,hmrp,11,5.0,2,7781,66,111,7051,63,182,110,0,ma-sokoban,105,0,264,0,0
p01,hrmax,51,11.0,6,7700,111,166,6782,207,492,553,0,ma-sokoban,91,0,204,0,0
p02,aibr,232,39.0,297,124040,95846,96220,26777,11034,19734,36768,0,ma-sokoban,162,0,404,0,0
p08,hmax,219,34.0,7,293365,11553,12617,279864,43904,57340,159701,0,ma-sokoban,230,0,544,0,0
p02,hmax,235,33.0,9,30312,2829,3172,25942,11058,17094,38552,0,ma-sokoban,162,0,404,0,0
p01,hmrp,48,11.0,10,7208,164,245,6194,198,532,455,0,ma-sokoban,91,0,204,0,0
p09,hmrp,318,35.0,36,3434408,2979551,3288257,145133,7047689,9988496,38750366,0,ma-sokoban,312,0,996,0,0
p08,aibr,198,34.0,271,4465437,4139368,4145949,318700,193759,331241,644328,0,ma-sokoban,230,0,544,0,0
p05,hmax,176,14.0,4,104567,7226,7891,95819,18834,34805,93054,0,ma-sokoban,192,0,648,0,0
p06,hmrp,37,12.0,10,64898,229,302,63554,175,523,368,0,ma-sokoban,242,0,632,0,0
p07,aibr,91,23.0,218,132541,105968,106581,25083,14335,24010,46712,0,ma-sokoban,183,0,420,0,0
p04,hmax,211,31.0,4,95825,43107,45527,49470,65059,132058,350355,0,ma-sokoban,244,0,906,0,0
p07,hrmax,132,23.0,5,29093,3228,3641,24772,17011,22008,60780,0,ma-sokoban,183,0,420,0,0
p06,aibr,38,10.0,154,1751827,1681057,1684566,66665,115567,201650,390966,0,ma-sokoban,242,0,632,0,0
p07,hmrp,130,21.0,13,27449,577,678,25281,1180,2096,3653,0,ma-sokoban,183,0,420,0,0
p09,aibr,398,49.0,927,69856599,69609451,69709072,146271,1528935,3426325,7534074,0,ma-sokoban,312,0,996,0,0
p08,hmrp,285,36.0,19,423209,50682,56042,366505,203059,234083,822057,0,ma-sokoban,230,0,544,0,0
p08,hrmax,219,34.0,7,340045,13811,15168,324159,43904,57340,159701,0,ma-sokoban,230,0,544,0,0
p03,hmax,46,7.0,2,8864,337,424,7617,1063,2126,2930,0,ma-sokoban,105,0,264,0,0
p01,aibr,46,9.0,110,7637,617,691,6240,178,366,476,0,ma-sokoban,91,0,204,0,0
p02,hrmax,235,33.0,9,30417,2857,3255,26261,11058,17094,38552,0,ma-sokoban,162,0,404,0,0
p05,hrmax,176,14.0,4,108612,7255,8014,99687,18834,34805,93054,0,ma-sokoban,192,0,648,0,0
p04,hrmax,211,31.0,4,98438,43344,45840,51214,65059,132058,350355,0,ma-sokoban,244,0,906,0,0
p03,hrmax,46,7.0,2,8386,285,379,7259,1063,2126,2930,0,ma-sokoban,105,0,264,0,0
instance--25,hmax,46,46.0,10,5180,4251,4457,41,3718,25743,5618,0,blocksworld,181,0,312,0,0
instance--2,aibr,10,10.0,34,509,6,24,37,11,16,9,0,blocksworld,29,0,40,0,0
instance--3,hmrp,6,6.0,6,504,8,25,31,11,18,9,0,blocksworld,29,0,40,0,0
instance--7,hrmax,20,20.0,4,999,93,174,35,117,369,137,0,blocksworld,55,0,84,0,0
instance--8,hmax,10,10.0,3,594,45,90,30,53,151,54,0,blocksworld,55,0,84,0,0
instance--22,hmax,44,44.0,8,2872,1968,2275,45,2095,12676,3042,0,blocksworld,155,0,264,0,0
instance--7,hmax,20,20.0,4,759,144,187,22,117,369,137,0,blocksworld,55,0,84,0,0
instance--8,hrmax,10,10.0,3,635,30,93,27,53,151,54,0,blocksworld,55,0,84,0,0
instance--4,hmrp,12,12.0,8,575,41,73,23,16,24,14,0,blocksworld,41,0,60,0,0
instance--20,aibr,150,150.0,191,81454,79812,80528,34,51697,101147,84233,0,blocksworld,131,0,220,0,0
instance--5,aibr,30,30.0,49,565,81,117,26,88,151,91,0,blocksworld,41,0,60,0,0
instance--21,hmrp,130,130.0,19,2051,1209,1364,32,3186,6268,4182,0,blocksworld,131,0,220,0,0
instance--15,hrmax,20,20.0,5,1381,315,546,33,678,2912,919,0,blocksworld,89,0,144,0,0
instance--12,hrmax,24,24.0,6,824,137,180,25,334,1188,447,0,blocksworld,71,0,112,0,0
instance--6,hmax,16,16.0,6,550,35,73,19,68,162,76,0,blocksworld,41,0,60,0,0
instance--23,hmax,74,74.0,4,5228,4061,4407,47,5022,28569,7871,0,blocksworld,155,0,264,0,0
instance--20,hmrp,86,86.0,19,1597,915,1055,25,2479,4912,3166,0,blocksworld,131,0,220,0,0
instance--4,aibr,16,16.0,54,520,23,45,38,24,36,23,0,blocksworld,41,0,60,0,0
instance--21,aibr,98,98.0,186,18337391,18204926,18336942,32,9363530,20123628,18469780,0,blocksworld,131,0,220,0,0
instance--5,hmrp,16,16.0,7,616,11,40,23,26,43,25,0,blocksworld,41,0,60,0,0
instance--9,hmax,22,22.0,7,705,112,191,25,167,466,203,0,blocksworld,55,0,84,0,0
instance--24,hmax,58,58.0,9,2636,1889,2096,24,2171,13153,3286,0,blocksworld,155,0,264,0,0
instance--1,hmax,6,6.0,2,490,20,39,18,30,53,29,0,blocksworld,29,0,40,0,0
instance--20,hrmax,112,112.0,8,2195,931,1110,57,1338,7064,1875,0,blocksworld,131,0,220,0,0
instance--2,hmrp,10,10.0,6,499,8,37,22,15,22,13,0,blocksworld,29,0,40,0,0
instance--3,aibr,6,6.0,27,523,10,40,30,8,14,6,0,blocksworld,29,0,40,0,0
instance--8,hmrp,46,46.0,10,840,85,131,25,144,259,154,0,blocksworld,55,0,84,0,0
instance--13,hrmax,24,24.0,4,1282,489,694,34,692,2862,927,0,blocksworld,89,0,144,0,0
instance--9,aibr,36,36.0,72,640,155,217,38,213,360,243,0,blocksworld,55,0,84,0,0
instance--25,hmrp,152,152.0,22,5367,4186,4478,31,9569,20477,12300,0,blocksworld,181,0,312,0,0
instance--1,aibr,10,10.0,22,479,13,36,22,15,25,15,0,blocksworld,29,0,40,0,0
instance--24,aibr,126,126.0,229,3005458,2986123,3004459,28,1253266,2734374,2285362,0,blocksworld,155,0,264,0,0
instance--3,hmax,6,6.0,3,499,8,30,20,14,27,12,0,blocksworld,29,0,40,0,0
instance--1,hrmax,6,6.0,2,540,13,38,31,30,53,29,0,blocksworld,29,0,40,0,0
instance--7,hmrp,24,24.0,11,858,19,58,30,37,61,35,0,blocksworld,55,0,84,0,0
instance--23,aibr,150,150.0,224,287509,285242,286987,30,113590,279438,190296,0,blocksworld,155,0,264,0,0
instance--6,aibr,24,24.0,46,709,142,193,29,264,386,300,0,blocksworld,41,0,60,0,0
instance--22,hmrp,66,66.0,19,1028,301,406,38,223,507,240,0,blocksworld,155,0,264,0,0
instance--21,hmax,52,52.0,10,2153,1068,1482,33,1434,7378,2067,0,blocksworld,131,0,220,0,0
instance--4,hmax,14,14.0,5,609,73,110,22,75,157,83,0,blocksworld,41,0,60,0,0
instance--21,hrmax,52,52.0,10,2265,1048,1570,55,1434,7378,2067,0,blocksworld,131,0,220,0,0
instance--23,hmrp,66,66.0,21,1298,512,624,93,420,942,485,0,blocksworld,155,0,264,0,0
instance--7,aibr,28,28.0,65,856,356,390,26,514,983,626,0,blocksworld,55,0,84,0,0
instance--22,aibr,98,98.0,232,40534,39244,39788,70,16882,36474,25399,0,blocksworld,155,0,264,0,0
instance--6,hmrp,24,24.0,9,518,15,49,22,37,57,38,0,blocksworld,41,0,60,0,0
instance--5,hmax,10,10.0,4,572,67,115,26,49,107,57,0,blocksworld,41,0,60,0,0
instance--20,hmax,112,112.0,8,1947,1180,1357,31,1338,7064,1875,0,blocksworld,131,0,220,0,0
instance--6,hrmax,16,16.0,6,715,22,66,47,68,162,76,0,blocksworld,41,0,60,0,0
instance--1,hmrp,6,6.0,6,506,6,49,29,7,13,5,0,blocksworld,29,0,40,0,0
instance--25,aibr,112,112.0,268,8131997,8091516,8131421,34,2291301,5340791,4512280,0,blocksworld,181,0,312,0,0
instance--24,hmrp,84,84.0,19,1189,254,485,80,315,733,367,0,blocksworld,155,0,264,0,0
instance--2,hmax,10,10.0,5,532,15,39,29,37,64,37,0,blocksworld,29,0,40,0,0
instance--9,hrmax,22,22.0,7,807,66,99,30,167,466,203,0,blocksworld,55,0,84,0,0
instance--14,hrmax,22,22.0,5,1267,281,543,35,526,2275,711,0,blocksworld,89,0,144,0,0
instance--8,aibr,40,40.0,53,625,118,163,30,137,263,152,0,blocksworld,55,0,84,0,0
instance--9,hmrp,28,28.0,11,607,40,102,24,50,93,49,0,blocksworld,55,0,84,0,0
instance--10,hmrp,24,24.0,13,723,37,221,36,34,64,32,0,blocksworld,71,0,112,0,0
instance--11,aibr,24,24.0,96,2025,1287,1439,22,1976,3309,2794,0,blocksworld,71,0,112,0,0
instance--13,hmax,24,24.0,4,994,275,439,42,692,2862,927,0,blocksworld,89,0,144,0,0
instance--19,aibr,190,190.0,177,1310252,1300138,1309733,39,795189,1562700,1335133,0,blocksworld,131,0,220,0,0
instance--11,hrmax,24,24.0,6,695,119,189,39,219,737,281,0,blocksworld,71,0,112,0,0
instance--18,hmrp,44,44.0,17,963,197,309,27,86,190,90,0,blocksworld,109,0,180,0,0
instance--16,aibr,132,132.0,161,51856,50809,51320,39,38311,77626,59157,0,blocksworld,109,0,180,0,0
instance--17,hmrp,80,80.0,16,1042,420,496,43,561,1124,675,0,blocksworld,109,0,180,0,0
instance--14,hmax,22,22.0,5,1115,333,553,33,526,2275,711,0,blocksworld,89,0,144,0,0
instance--23,hrmax,74,74.0,4,5612,4053,4518,38,5022,28569,7871,0,blocksworld,155,0,264,0,0
instance--3,hrmax,6,6.0,3,503,7,30,21,14,27,12,0,blocksworld,29,0,40,0,0
instance--4,hrmax,14,14.0,5,618,58,113,22,75,157,83,0,blocksworld,41,0,60,0,0
instance--19,hrmax,80,80.0,9,2590,1517,1980,31,1695,8998,2385,0,blocksworld,131,0,220,0,0
instance--24,hrmax,58,58.0,9,2902,1939,2245,43,2171,13153,3286,0,blocksworld,155,0,264,0,0
instance--16,hmrp,68,68.0,16,745,147,217,24,313,555,369,0,blocksworld,109,0,180,0,0
instance--17,aibr,72,72.0,151,13184,12357,12642,46,8336,18608,11601,0,blocksworld,109,0,180,0,0
instance--15,hmax,20,20.0,5,916,285,404,31,678,2912,919,0,blocksworld,89,0,144,0,0
instance--16,hrmax,94,94.0,9,1409,596,768,33,1013,4820,1379,0,blocksworld,109,0,180,0,0
instance--19,hmrp,84,84.0,18,1796,1004,1194,35,2219,4610,2743,0,blocksworld,131,0,220,0,0
instance--18,aibr,60,60.0,161,3200,2556,2697,31,1877,3353,2331,0,blocksworld,109,0,180,0,0
instance--10,aibr,56,56.0,96,1062,467,519,25,452,759,535,0,blocksworld,71,0,112,0,0
instance--11,hmrp,40,40.0,12,767,166,218,32,169,306,182,0,blocksworld,71,0,112,0,0
instance--12,hmax,24,24.0,6,938,152,295,30,334,1188,447,0,blocksworld,71,0,112,0,0
instance--5,hrmax,10,10.0,4,530,33,62,27,49,107,57,0,blocksworld,41,0,60,0,0
instance--18,hmax,70,70.0,9,1807,953,1192,54,1492,6639,2212,0,blocksworld,109,0,180,0,0
instance--10,hmax,26,26.0,8,661,123,189,21,208,734,244,0,blocksworld,71,0,112,0,0
instance--18,hrmax,70,70.0,9,1672,835,1127,25,1492,6639,2212,0,blocksworld,109,0,180,0,0
instance--25,hrmax,46,46.0,10,5795,4360,4948,55,3718,25743,5618,0,blocksworld,181,0,312,0,0
instance--13,hmrp,58,58.0,13,1056,388,498,37,406,776,485,0,blocksworld,89,0,144,0,0
instance--12,aibr,30,30.0,101,652,110,143,34,86,176,92,0,blocksworld,71,0,112,0,0
instance--17,hrmax,44,44.0,10,1508,709,951,25,1065,5011,1548,0,blocksworld,109,0,180,0,0
instance--17,hmax,44,44.0,10,1642,934,1123,31,1065,5011,1548,0,blocksworld,109,0,180,0,0
instance--15,aibr,74,74.0,134,10113,9472,9658,26,10387,20485,14360,0,blocksworld,89,0,144,0,0
instance--14,hmrp,48,48.0,13,709,121,188,42,135,281,145,0,blocksworld,89,0,144,0,0
instance--16,hmax,94,94.0,9,1577,733,1034,28,1013,4820,1379,0,blocksworld,109,0,180,0,0
instance--15,hmrp,30,30.0,14,754,55,87,28,47,98,50,0,blocksworld,89,0,144,0,0
instance--14,aibr,110,110.0,132,50660,49628,50205,25,51854,106858,79339,0,blocksworld,89,0,144,0,0
instance--10,hrmax,26,26.0,8,753,161,221,43,208,734,244,0,blocksworld,71,0,112,0,0
instance--11,hmax,24,24.0,6,913,203,345,27,219,737,281,0,blocksworld,71,0,112,0,0
instance--22,hrmax,44,44.0,8,2703,1920,2105,29,2095,12676,3042,0,blocksworld,155,0,264,0,0
instance--13,aibr,54,54.0,116,3602,2961,3135,24,2852,5344,3816,0,blocksworld,89,0,144,0,0
instance--12,hmrp,38,38.0,12,681,115,173,23,156,304,174,0,blocksworld,71,0,112,0,0
instance--2,hrmax,10,10.0,5,558,17,46,22,37,64,37,0,blocksworld,29,0,40,0,0
instance--19,hmax,80,80.0,9,2079,1213,1484,34,1695,8998,2385,0,blocksworld,131,0,220,0,0
,hmrp,32,32.0,26,2580,1119,1370,178,229,1657,1159,0,ma-blocksworld,164,0,880,0,0
,hmax,40,40.0,8,132811,129712,131504,92,27590,306869,379660,0,ma-blocksworld,164,0,880,0,0
,hmrp,42,42.0,22,3066,1228,1632,76,167,1291,639,0,ma-blocksworld,191,0,1056,0,0
,aibr,44,44.0,733,306416,304639,305318,69,10354,66215,76721,0,ma-blocksworld,164,0,880,0,0
,hrmax,48,48.0,10,187386,183708,186102,72,40319,434028,589224,0,ma-blocksworld,164,0,880,0,0
,hmax,46,46.0,9,110937,108202,109740,85,21921,257004,285865,0,ma-blocksworld,164,0,880,0,0
,hmax,48,48.0,10,189377,185760,188283,132,40319,434028,589224,0,ma-blocksworld,164,0,880,0,0
,hmrp,66,66.0,25,8796,7418,7658,92,2047,13722,12992,0,ma-blocksworld,164,0,880,0,0
,aibr,56,56.0,587,15967,14744,14872,264,655,2756,3305,0,ma-blocksworld,164,0,880,0,0
,hmax,46,46.0,8,398737,393289,397646,265,59206,778897,895399,0,ma-blocksworld,191,0,1056,0,0
,aibr,114,114.0,735,18720980,18681920,18720078,85,809661,3495544,6217508,0,ma-blocksworld,164,0,880,0,0
,hmrp,54,54.0,25,5788,4625,4831,81,1258,8337,8024,0,ma-blocksworld,164,0,880,0,0
,hrmax,40,40.0,8,133068,129969,132005,160,27590,306869,379660,0,ma-blocksworld,164,0,880,0,0
,hrmax,46,46.0,8,405564,399950,404361,130,59206,778897,895399,0,ma-blocksworld,191,0,1056,0,0
,hrmax,46,46.0,9,106965,104026,105545,76,21921,257004,285865,0,ma-blocksworld,164,0,880,0,0
instance-_1229,hrmax,112,112.0,111,654,13,45,31,113,228,217,0,farmland,0,2,4,0,0
instance-_1229,aibr,71,71.0,20,1503,730,831,50,1035,9075,9105,0,farmland,0,6,28,0,0
instance-_1229,hmax,115,115.0,111,791,33,161,35,118,705,233,0,farmland,0,4,16,0,0
instance-_1229,hrmax,468,468.0,451,2677,1615,1997,49,1529,18393,13822,0,farmland,0,10,52,0,0
instance-_1229,aibr,169,169.0,58,802,115,165,43,203,410,395,0,farmland,0,2,4,0,0
instance-_1229,hmrp,512,512.0,512,778,35,202,29,513,1028,1017,0,farmland,0,2,4,0,0
instance-_1229,aibr,496,496.0,141,42450,40756,41742,64,19367,380593,220693,0,farmland,0,10,52,0,0
instance-_1229,hmax,180,180.0,172,1105,235,403,82,332,4502,1699,0,farmland,0,8,40,0,0
instance-_1229,hrmax,128,128.0,108,2856,1350,1636,172,1251,16720,13496,0,farmland,0,10,52,0,0
instance-_1229,hrmax,455,455.0,454,662,27,87,29,456,914,903,0,farmland,0,2,4,0,0
instance-_1229,hmax,399,399.0,394,1009,247,408,33,418,4144,891,0,farmland,0,6,28,0,0
instance-_1229,hrmax,113,113.0,110,777,104,160,38,115,1142,223,0,farmland,0,6,28,0,0
instance-_1229,hmrp,357,357.0,355,1358,576,719,43,362,6491,726,0,farmland,0,8,40,0,0
instance-_1229,hmax,284,284.0,283,723,60,136,34,285,572,561,0,farmland,0,2,4,0,0
instance-_1229,aibr,233,233.0,85,1649,995,1072,38,1094,6831,6229,0,farmland,0,4,16,0,0
instance-_1229,hmax,69,69.0,50,1146,332,447,54,630,8113,5202,0,farmland,0,10,52,0,0
instance-_1229,aibr,104,104.0,36,2564,1550,1815,72,1210,17595,8993,0,farmland,0,8,40,0,0
instance-_1229,hrmax,456,456.0,453,1626,243,327,46,458,4572,909,0,farmland,0,6,28,0,0
instance-_1229,hmax,572,572.0,568,967,136,337,29,574,3443,1141,0,farmland,0,4,16,0,0
instance-_1229,hrmax,284,284.0,283,859,23,78,50,285,572,561,0,farmland,0,2,4,0,0
instance-_1229,hmrp,171,171.0,170,1100,120,202,37,173,1730,340,0,farmland,0,6,28,0,0
instance-_1229,hmrp,55,55.0,55,634,12,42,35,56,114,103,0,farmland,0,2,4,0,0
instance-_1229,hmrp,293,293.0,285,2176,466,706,61,487,8410,2391,0,farmland,0,10,52,0,0
instance-_1229,hrmax,295,295.0,280,1718,847,1058,41,954,11784,8066,0,farmland,0,10,52,0,0
instance-_1229,hmax,447,447.0,439,1781,294,574,42,636,8904,2535,0,farmland,0,8,40,0,0
instance-_1229,aibr,537,537.0,168,8030,7159,7382,52,4339,40033,30213,0,farmland,0,6,28,0,0
instance-_1229,hrmax,285,285.0,281,1026,319,417,35,287,2869,567,0,farmland,0,6,28,0,0
instance-_1229,hmax,525,525.0,507,2173,1171,1388,64,1807,21258,16154,0,farmland,0,10,52,0,0
instance-_1229,hmrp,343,343.0,343,934,212,333,30,344,2741,679,0,farmland,0,4,16,0,0
instance-_1229,hmax,285,285.0,280,1018,140,391,39,298,2958,628,0,farmland,0,6,28,0,0
instance-_1229,aibr,351,351.0,126,1989,1154,1339,55,1103,7521,5379,0,farmland,0,4,16,0,0
instance-_1229,hmax,398,398.0,397,697,32,102,42,399,800,789,0,farmland,0,2,4,0,0
instance-_1229,hrmax,353,353.0,337,2892,1726,2163,58,1856,20896,19710,0,farmland,0,10,52,0,0
instance-_1229,hmax,186,186.0,164,1924,1065,1259,57,1709,19310,17654,0,farmland,0,10,52,0,0
instance-_1229,hrmax,341,341.0,340,673,24,81,44,342,686,675,0,farmland,0,2,4,0,0
instance-_1229,aibr,182,182.0,55,2375,1346,1431,49,1418,11779,9264,0,farmland,0,6,28,0,0
instance-_1229,aibr,55,55.0,19,686,40,66,52,67,137,124,0,farmland,0,2,4,0,0
instance-_1229,aibr,409,409.0,103,191269,183938,190617,44,135409,2365394,2328121,0,farmland,0,10,52,0,0
instance-_1229,hmax,270,270.0,261,1031,292,419,34,372,5571,1306,0,farmland,0,8,40,0,0
instance-_1229,hrmax,342,342.0,339,1117,212,482,43,344,3435,682,0,farmland,0,6,28,0,0
instance-_1229,hmrp,513,513.0,513,938,228,314,41,514,6151,1019,0,farmland,0,6,28,0,0
instance-_1229,hmrp,229,229.0,229,780,120,185,32,230,1829,451,0,farmland,0,4,16,0,0
instance-_1229,aibr,405,405.0,152,7478,6485,6729,65,3025,46221,22111,0,farmland,0,8,40,0,0
instance-_1229,hrmax,68,68.0,51,1865,750,1029,102,387,4834,3305,0,farmland,0,10,52,0,0
instance-_1229,hmrp,91,91.0,88,1055,249,337,69,93,1570,179,0,farmland,0,8,40,0,0
instance-_1229,hrmax,55,55.0,54,616,10,31,30,56,114,103,0,farmland,0,2,4,0,0
instance-_1229,hmrp,56,56.0,55,802,82,118,50,57,566,105,0,farmland,0,6,28,0,0
instance-_1229,hmrp,169,169.0,169,727,42,84,47,170,342,331,0,farmland,0,2,4,0,0
instance-_1229,hrmax,571,571.0,567,1463,378,721,51,573,5729,1139,0,farmland,0,6,28,0,0
instance-_1229,hmax,458,458.0,454,1150,273,378,37,461,2763,919,0,farmland,0,4,16,0,0
instance-_1229,aibr,514,514.0,178,939,316,389,39,612,1234,1205,0,farmland,0,2,4,0,0
instance-_1229,hmrp,409,409.0,399,2249,1014,1507,49,576,9802,2204,0,farmland,0,10,52,0,0
instance-_1229,hrmax,56,56.0,53,993,178,310,48,58,572,109,0,farmland,0,6,28,0,0
instance-_1229,hmrp,284,284.0,284,676,46,88,28,285,572,561,0,farmland,0,2,4,0,0
instance-_1229,hmax,358,358.0,350,1237,319,592,55,476,6762,1726,0,farmland,0,8,40,0,0
instance-_1229,hmrp,399,399.0,398,980,212,363,44,400,3996,791,0,farmland,0,6,28,0,0
instance-_1229,hmrp,572,572.0,571,1267,109,244,36,573,3437,1137,0,farmland,0,4,16,0,0
instance-_1229,hmrp,65,65.0,57,1250,378,449,47,129,2226,629,0,farmland,0,10,52,0,0
instance-_1229,hmrp,115,115.0,114,921,84,293,37,116,695,223,0,farmland,0,4,16,0,0
instance-_1229,hmrp,179,179.0,177,1374,554,683,48,182,3127,356,0,farmland,0,8,40,0,0
instance-_1229,hmax,512,512.0,511,816,89,235,31,513,1028,1017,0,farmland,0,2,4,0,0
instance-_1229,aibr,466,466.0,169,3051,2289,2407,61,1520,13371,7755,0,farmland,0,4,16,0,0
instance-_1229,hmrp,522,522.0,514,2076,1254,1420,51,775,13076,3503,0,farmland,0,10,52,0,0
instance-_1229,aibr,400,400.0,138,910,262,322,39,475,960,933,0,farmland,0,2,4,0,0
instance-_1229,hmax,343,343.0,340,966,203,350,50,346,2071,687,0,farmland,0,4,16,0,0
instance-_1229,hrmax,399,399.0,396,1138,247,526,47,401,4002,795,0,farmland,0,6,28,0,0
instance-_1229,aibr,299,299.0,95,2904,1710,1801,34,1640,13698,9491,0,farmland,0,6,28,0,0
instance-_1229,aibr,240,240.0,63,69550,65610,68144,55,46559,853690,716043,0,farmland,0,10,52,0,0
instance-_1229,hmax,55,55.0,54,605,9,24,41,56,114,103,0,farmland,0,2,4,0,0
instance-_1229,hrmax,398,398.0,397,769,28,122,43,399,800,789,0,farmland,0,2,4,0,0
instance-_1229,hmax,171,171.0,166,896,112,240,57,184,1818,400,0,farmland,0,6,28,0,0
instance-_1229,hmax,297,297.0,278,1438,489,776,53,804,10437,5823,0,farmland,0,10,52,0,0
instance-_1229,aibr,306,306.0,113,6046,4793,4975,43,2806,42581,19488,0,farmland,0,8,40,0,0
instance-_1229,hrmax,410,410.0,394,2748,1358,1730,64,1605,18361,15646,0,farmland,0,10,52,0,0
instance-_1229,hmrp,446,446.0,443,1299,461,609,36,451,8093,904,0,farmland,0,8,40,0,0
instance-_1229,hrmax,228,228.0,224,852,162,236,48,230,2299,453,0,farmland,0,6,28,0,0
instance-_1229,hmax,513,513.0,509,1339,204,319,49,527,5244,1088,0,farmland,0,6,28,0,0
instance-_1229,aibr,506,506.0,191,9036,7951,8253,39,2929,45671,16937,0,farmland,0,8,40,0,0
instance-_1229,hmrp,268,268.0,266,1384,607,711,44,272,4878,540,0,farmland,0,8,40,0,0
instance-_1229,hrmax,239,239.0,222,2335,953,1679,62,824,10322,6428,0,farmland,0,10,52,0,0
instance-_1229,aibr,681,681.0,180,148947,144367,148279,44,83108,1565660,1259466,0,farmland,0,10,52,0,0
instance-_1229,hmrp,398,398.0,398,884,52,247,34,399,800,789,0,farmland,0,2,4,0,0
instance-_1229,hmrp,285,285.0,284,1030,290,411,41,287,2870,568,0,farmland,0,6,28,0,0
instance-_1229,hrmax,227,227.0,226,683,37,83,36,228,458,447,0,farmland,0,2,4,0,0
instance-_1229,hmrp,180,180.0,171,1258,514,587,43,265,4691,987,0,farmland,0,10,52,0,0
instance-_1229,hmax,169,169.0,168,751,73,131,28,170,342,331,0,farmland,0,2,4,0,0
instance-_1229,aibr,118,118.0,43,1029,341,416,37,336,2138,1512,0,farmland,0,4,16,0,0
instance-_1229,hmax,56,56.0,51,684,59,97,49,62,611,127,0,farmland,0,6,28,0,0
instance-_1229,hrmax,513,513.0,510,1595,427,848,32,515,5142,1023,0,farmland,0,6,28,0,0
instance-_1229,hrmax,171,171.0,167,831,139,211,31,173,1729,339,0,farmland,0,6,28,0,0
instance-_1229,hmrp,458,458.0,457,1194,192,533,39,459,2753,909,0,farmland,0,4,16,0,0
instance-_1229,hmax,409,409.0,392,1656,835,976,38,1339,15063,10850,0,farmland,0,10,52,0,0
instance-_1229,aibr,201,201.0,75,4003,3162,3302,47,1649,25700,11013,0,farmland,0,8,40,0,0
instance-_1229,hrmax,183,183.0,165,3083,2176,2394,56,2381,29607,26957,0,farmland,0,10,52,0,0
instance-_1229,hmax,229,229.0,226,1073,125,224,41,232,1387,459,0,farmland,0,4,16,0,0
instance-_1229,aibr,286,286.0,98,829,193,241,28,342,691,669,0,farmland,0,2,4,0,0
instance-_1229,hrmax,572,572.0,568,986,134,350,41,573,3439,1137,0,farmland,0,4,16,0,0
instance-_1229,hrmax,512,512.0,511,986,23,128,31,513,1028,1017,0,farmland,0,2,4,0,0
instance-_1229,aibr,413,413.0,133,4011,2795,2954,61,2413,20966,15195,0,farmland,0,6,28,0,0
instance-_1229,aibr,580,580.0,211,3413,2670,2786,30,1858,12084,9048,0,farmland,0,4,16,0,0
instance-_1229,hrmax,169,169.0,168,733,29,71,27,170,342,331,0,farmland,0,2,4,0,0
instance-_1229,hmax,92,92.0,83,819,145,194,38,184,2545,924,0,farmland,0,8,40,0,0
instance-_1229,hrmax,534,534.0,508,3793,2621,2943,98,3531,37962,39310,0,farmland,0,10,52,0,0
instance-_1229,hmrp,237,237.0,228,1798,931,1102,42,354,6035,1465,0,farmland,0,10,52,0,0
instance-_1229,aibr,477,477.0,151,4743,3954,4125,40,2692,21542,16573,0,farmland,0,6,28,0,0
instance-_1229,hmrp,113,113.0,113,835,108,199,46,114,1351,219,0,farmland,0,6,28,0,0
instance-_1229,hmrp,46,46.0,43,926,182,245,37,50,880,99,0,farmland,0,8,40,0,0
instance-_1229,hmax,473,473.0,450,2060,1104,1280,41,1507,19794,10907,0,farmland,0,10,52,0,0
instance-_1229,hrmax,400,400.0,397,725,79,145,30,401,2403,793,0,farmland,0,4,16,0,0
instance-_1229,hmrp,400,400.0,400,944,112,187,37,401,2403,793,0,farmland,0,4,16,0,0
instance-_1229,hmax,224,224.0,216,1025,289,372,52,277,4025,837,0,farmland,0,8,40,0,0
instance-_1229,aibr,457,457.0,121,96005,92483,95301,59,54269,1082552,813017,0,farmland,0,10,52,0,0
instance-_1229,hmrp,569,569.0,569,880,96,195,46,570,1142,1131,0,farmland,0,2,4,0,0
instance-_1229,hmrp,455,455.0,455,766,59,136,33,456,914,903,0,farmland,0,2,4,0,0
instance-_1229,hrmax,313,313.0,306,1458,661,826,44,398,5671,1325,0,farmland,0,8,40,0,0
instance-_1229,hmrp,579,579.0,571,2613,1052,1364,81,772,13010,2975,0,farmland,0,10,52,0,0
instance-_1229,hmax,172,172.0,168,1078,78,148,59,174,1043,341,0,farmland,0,4,16,0,0
instance-_1229,aibr,112,112.0,39,757,55,98,38,134,271,258,0,farmland,0,2,4,0,0
instance-_1229,aibr,157,157.0,59,3094,2303,2447,40,1325,20645,9304,0,farmland,0,8,40,0,0
instance-_1229,hmrp,571,571.0,570,1508,785,907,37,573,5730,1140,0,farmland,0,6,28,0,0
instance-_1229,hmax,342,342.0,337,1134,379,496,58,362,3582,783,0,farmland,0,6,28,0,0
instance-_1229,hmax,227,227.0,226,710,38,96,37,228,458,447,0,farmland,0,2,4,0,0
instance-_1229,hmrp,402,402.0,399,1510,554,729,47,404,7248,805,0,farmland,0,8,40,0,0
instance-_1229,aibr,288,288.0,106,1577,854,984,47,754,4806,3316,0,farmland,0,4,16,0,0
instance-_1229,hmrp,135,135.0,132,1116,311,416,71,138,2461,275,0,farmland,0,8,40,0,0
instance-_1229,aibr,601,601.0,190,10859,9957,10235,43,5776,51004,42362,0,farmland,0,6,28,0,0
instance-_1229,hrmax,179,179.0,173,1534,494,871,48,284,3835,1305,0,farmland,0,8,40,0,0
instance-_1229,hmrp,286,286.0,286,1068,200,437,41,287,2285,565,0,farmland,0,4,16,0,0
instance-_1229,aibr,452,452.0,174,8777,7919,8146,34,3000,48875,17886,0,farmland,0,8,40,0,0
instance-_1229,hmax,515,515.0,511,1224,228,435,53,518,3105,1033,0,farmland,0,4,16,0,0
instance-_1229,hrmax,172,172.0,168,796,67,150,62,173,1039,337,0,farmland,0,4,16,0,0
instance-_1229,hmrp,352,352.0,342,2276,1143,1472,53,553,9682,2478,0,farmland,0,10,52,0,0
instance-_1229,aibr,569,569.0,197,1029,422,482,37,674,1356,1333,0,farmland,0,2,4,0,0
instance-_1229,aibr,457,457.0,158,921,304,382,33,544,1098,1069,0,farmland,0,2,4,0,0
instance-_1229,aibr,690,690.0,201,113659,110025,112979,53,55014,1081697,805422,0,farmland,0,10,52,0,0
instance-_1229,hmrp,112,112.0,112,633,11,42,30,113,228,217,0,farmland,0,2,4,0,0
instance-_1229,hrmax,515,515.0,511,1116,228,451,42,516,3097,1023,0,farmland,0,4,16,0,0
instance-_1229,aibr,59,59.0,20,1985,1261,1386,45,1091,15839,10353,0,farmland,0,8,40,0,0
instance-_1229,hmax,128,128.0,107,2184,388,957,173,800,10426,6549,0,farmland,0,10,52,0,0
instance-_1229,hrmax,135,135.0,129,1352,454,702,44,186,2675,621,0,farmland,0,8,40,0,0
instance-_1229,hrmax,402,402.0,395,1239,478,617,44,498,7110,1624,0,farmland,0,8,40,0,0
instance-_1229,hmax,228,228.0,223,885,124,262,57,233,2325,471,0,farmland,0,6,28,0,0
instance-_1229,aibr,403,403.0,148,2245,1513,1622,61,1263,8552,6226,0,farmland,0,4,16,0,0
instance-_1229,hmax,341,341.0,340,716,44,138,29,342,686,675,0,farmland,0,2,4,0,0
instance-_1229,hrmax,229,229.0,226,1114,127,222,55,230,1379,451,0,farmland,0,4,16,0,0
instance-_1229,hmax,313,313.0,305,1399,406,686,62,387,5583,1188,0,farmland,0,8,40,0,0
instance-_1229,aibr,291,291.0,82,31029,29268,30301,76,17648,350168,223278,0,farmland,0,10,52,0,0
instance-_1229,hmrp,456,456.0,455,1145,380,481,50,457,4566,905,0,farmland,0,6,28,0,0
instance-_1229,aibr,128,128.0,38,1820,790,871,54,1099,9600,8206,0,farmland,0,6,28,0,0
instance-_1229,hrmax,569,569.0,568,993,56,237,49,570,1142,1131,0,farmland,0,2,4,0,0
instance-_1229,hmax,58,58.0,54,933,24,49,55,61,363,119,0,farmland,0,4,16,0,0
instance-_1229,hmax,47,47.0,39,865,137,220,37,90,1286,354,0,farmland,0,8,40,0,0
instance-_1229,aibr,167,167.0,43,147052,140324,145829,178,101430,1873903,1742176,0,farmland,0,10,52,0,0
instance-_1229,aibr,341,341.0,118,940,176,243,32,414,831,814,0,farmland,0,2,4,0,0
instance-_1229,hmrp,465,465.0,457,1869,837,983,48,552,9116,1579,0,farmland,0,10,52,0,0
instance-_1229,hrmax,286,286.0,283,795,82,153,43,287,1719,565,0,farmland,0,4,16,0,0
instance-_1229,hmax,400,400.0,397,1151,138,373,44,403,2413,801,0,farmland,0,4,16,0,0
instance-_1229,aibr,244,244.0,77,3206,2325,2506,62,2607,24734,21356,0,farmland,0,6,28,0,0
instance-_1229,hrmax,357,357.0,351,1811,555,1127,47,480,6634,1889,0,farmland,0,8,40,0,0
instance-_1229,aibr,342,342.0,136,5339,4528,4689,44,1975,30790,11620,0,farmland,0,8,40,0,0
instance-_1229,hmax,235,235.0,221,1612,641,899,63,381,5206,1644,0,farmland,0,10,52,0,0
instance-_1229,aibr,67,67.0,22,786,179,228,31,193,1209,827,0,farmland,0,4,16,0,0
instance-_1229,hrmax,584,584.0,565,2822,1820,2195,42,1996,22101,18256,0,farmland,0,10,52,0,0
instance-_1229,hmax,113,113.0,109,952,109,282,33,119,1178,245,0,farmland,0,6,28,0,0
instance-_1229,hrmax,91,91.0,84,1292,419,549,42,182,2403,971,0,farmland,0,8,40,0,0
instance-_1229,hrmax,458,458.0,454,1253,90,631,80,459,2755,909,0,farmland,0,4,16,0,0
instance-_1229,hmax,571,571.0,566,1315,434,668,53,584,5818,1200,0,farmland,0,6,28,0,0
instance-_1229,hmax,402,402.0,394,1797,428,650,63,531,7559,1941,0,farmland,0,8,40,0,0
instance-_1229,hmrp,227,227.0,227,628,25,63,39,228,458,447,0,farmland,0,2,4,0,0
instance-_1229,hrmax,115,115.0,111,830,75,154,51,116,697,223,0,farmland,0,4,16,0,0
instance-_1229,hmrp,342,342.0,341,1168,420,540,47,343,3428,679,0,farmland,0,6,28,0,0
instance-_1229,hmax,455,455.0,454,873,28,146,58,456,914,903,0,farmland,0,2,4,0,0
instance-_1229,hmax,569,569.0,568,741,18,108,31,570,1142,1131,0,farmland,0,2,4,0,0
instance-_1229,hmrp,224,224.0,221,1609,665,906,44,231,4143,476,0,farmland,0,8,40,0,0
instance-_1229,aibr,519,519.0,189,2931,2178,2271,43,1464,9911,6779,0,farmland,0,4,16,0,0
instance-_1229,hmrp,172,172.0,171,700,82,138,33,173,1037,337,0,farmland,0,4,16,0,0
instance-_1229,hrmax,224,224.0,217,1409,364,745,37,284,4060,917,0,farmland,0,8,40,0,0
instance-_1229,hmax,581,581.0,564,2229,1270,1542,55,1441,16198,10585,0,farmland,0,10,52,0,0
instance-_1229,hmrp,515,515.0,514,1018,192,382,32,516,3095,1023,0,farmland,0,4,16,0,0
instance-_1229,hrmax,58,58.0,54,790,153,193,30,59,355,109,0,farmland,0,4,16,0,0
instance-_1229,aibr,255,255.0,98,3779,2893,3087,87,1508,23299,8722,0,farmland,0,8,40,0,0
instance-_1229,hmax,352,352.0,335,2355,1345,1655,57,1676,18374,16455,0,farmland,0,10,52,0,0
instance-_1229,hmax,112,112.0,111,718,12,57,37,113,228,217,0,farmland,0,2,4,0,0
instance-_1229,aibr,178,178.0,64,1227,406,494,39,470,3019,2039,0,farmland,0,4,16,0,0
instance-_1229,hrmax,270,270.0,262,1215,424,593,35,329,4741,970,0,farmland,0,8,40,0,0
instance-_1229,hmax,136,136.0,127,1223,320,507,32,206,3007,813,0,farmland,0,8,40,0,0
instance-_1229,hmax,286,286.0,283,1015,136,329,79,289,1729,573,0,farmland,0,4,16,0,0
instance-_1229,aibr,228,228.0,78,831,175,225,35,273,553,531,0,farmland,0,2,4,0,0
instance-_1229,aibr,370,370.0,112,5853,5017,5187,48,3729,37041,28876,0,farmland,0,6,28,0,0
instance-_1229,hmax,457,457.0,451,1022,171,352,36,476,4728,997,0,farmland,0,6,28,0,0
instance-_1229,hmrp,313,313.0,310,1499,679,786,49,315,5402,619,0,farmland,0,8,40,0,0
instance-_1229,hrmax,343,343.0,340,812,127,214,45,344,2061,679,0,farmland,0,4,16,0,0
instance-_1229,hmrp,58,58.0,57,761,107,147,42,59,353,109,0,farmland,0,4,16,0,0
instance-_1229,hrmax,446,446.0,440,1384,680,779,38,611,8385,2464,0,farmland,0,8,40,0,0
instance-_1229,hrmax,46,46.0,40,1352,201,258,50,89,1235,381,0,farmland,0,8,40,0,0
instance-_1229,hmrp,124,124.0,114,2225,883,1001,178,249,4479,1261,0,farmland,0,10,52,0,0
instance-_1229,hmrp,341,341.0,341,643,32,88,32,342,686,675,0,farmland,0,2,4,0,0
instance-_1229,aibr,560,560.0,163,93897,90376,93263,40,52659,980286,786889,0,farmland,0,10,52,0,0
instance-_1229,hmrp,228,228.0,227,1173,135,447,44,230,2301,454,0,farmland,0,6,28,0,0
instance-_12,hmrp,68,68.0,11,1866,848,1109,22,2144,31833,14736,0,fn-counters,0,12,24,0,0
instance-_2,hrmax,1,1.0,1,613,0,15,20,2,2,0,0,fn-counters,0,2,4,0,0
instance-_2,hmax,1,1.0,1,644,1,10,23,2,2,0,0,fn-counters,0,2,4,0,0
instance-_12,aibr,70,70.0,12,2328,1545,1736,19,1119,16258,6080,0,fn-counters,0,12,24,0,0
instance-_2,aibr,1,1.0,2,594,1,8,25,2,2,0,0,fn-counters,0,2,4,0,0
instance-_12,hmax,122,122.0,1,416031,299613,414608,30,3690027,31499326,49946838,0,fn-counters,0,12,24,0,0
instance-_12,hrmax,105,105.0,2,183026,157988,182397,25,738503,6841575,8900719,0,fn-counters,0,12,24,0,0
instance-_16,hmrp,134,134.0,15,11495,9131,10894,27,25060,512067,234002,0,fn-counters,0,16,32,0,0
instance-_16,aibr,128,128.0,16,9959,8235,8772,25,5955,133981,39821,0,fn-counters,0,16,32,0,0
instance-_2,hmrp,1,1.0,1,642,0,10,40,2,2,0,0,fn-counters,0,2,4,0,0
instance-_20,hmrp,216,216.0,19,165778,139629,164999,52,276395,6511878,3443593,0,fn-counters,0,20,40,0,0
instance-_20,aibr,220,220.0,20,262415,251005,261669,27,122530,3249416,1326636,0,fn-counters,0,20,40,0,0
instance-_12,hmrp,116,116.0,33,2199,1248,1576,31,3493,58042,25765,0,fn-counters-inv,0,12,24,0,0
instance-_12,aibr,112,112.0,44,2300,1336,1673,19,538,10854,1999,0,fn-counters-inv,0,12,24,0,0
instance-_12,hmax,140,140.0,3,231667,175197,230858,31,1773099,19254975,23261156,0,fn-counters-inv,0,12,24,0,0
instance-_12,hrmax,130,130.0,6,131917,119450,131364,18,372695,4701501,4238714,0,fn-counters-inv,0,12,24,0,0
instance-_16,hmrp,206,206.0,45,15167,12148,14399,27,33705,724149,354365,0,fn-counters-inv,0,16,32,0,0
instance-_16,aibr,198,198.0,48,9268,8180,8588,39,3718,95662,23277,0,fn-counters-inv,0,16,32,0,0
instance-_24,aibr,446,446.0,80,132351,128881,131710,24,29636,1199990,221233,0,fn-counters-inv,0,24,48,0,0
instance-_20,hmrp,330,330.0,57,258859,227656,257884,45,465719,11806392,6822301,0,fn-counters-inv,0,20,40,0,0
instance-_20,aibr,310,310.0,64,32090,30620,31429,32,10607,350316,73839,0,fn-counters-inv,0,20,40,0,0
instance-_28,aibr,612,612.0,96,3704502,3647864,3703789,40,470746,19639459,6709082,0,fn-counters-inv,0,28,56,0,0
instance-_1,hmrp,260,260.0,117,16295,13295,15187,26,22006,664389,215811,0,fn-counters-rnd,0,20,40,0,0
instance-_1,aibr,307,307.0,857,60881,58505,60219,33,14542,538508,159446,0,fn-counters-rnd,0,24,48,0,0
instance-_2,hrmax,131,131.0,43,18848,16430,18127,28,51465,663713,568734,0,fn-counters-rnd,0,12,24,0,0
instance-_1,aibr,273,273.0,423,11875,10393,10793,27,3753,125039,25041,0,fn-counters-rnd,0,20,40,0,0
instance-_1,hmrp,349,349.0,157,177723,155903,177046,28,196804,6936000,2510503,0,fn-counters-rnd,0,24,48,0,0
instance-_2,hrmax,2,2.0,2,633,1,19,30,3,7,1,0,fn-counters-rnd,0,2,4,0,0
instance-_2,hmrp,242,242.0,151,6829,5279,6175,40,7818,238946,73734,0,fn-counters-rnd,0,20,40,0,0
instance-_3,aibr,262,262.0,528,11348,9674,10276,33,3899,125089,28537,0,fn-counters-rnd,0,20,40,0,0
instance-_3,hrmax,153,153.0,46,300028,275762,299176,23,446659,6991754,7285516,0,fn-counters-rnd,0,16,32,0,0
instance-_3,hrmax,1,1.0,1,601,0,7,42,2,2,0,0,fn-counters-rnd,0,2,4,0,0
instance-_2,aibr,233,233.0,587,5203,3907,4430,39,624,21592,3328,0,fn-counters-rnd,0,20,40,0,0
instance-_3,hmrp,242,242.0,145,11051,8381,10160,25,14987,424993,165008,0,fn-counters-rnd,0,20,40,0,0
instance-_3,hrmax,118,118.0,24,41902,37218,41299,31,118758,1476809,1368789,0,fn-counters-rnd,0,12,24,0,0
instance-_2,aibr,125,125.0,282,1765,986,1192,28,184,3789,498,0,fn-counters-rnd,0,12,24,0,0
instance-_3,aibr,144,144.0,415,2486,1445,1666,56,212,6013,647,0,fn-counters-rnd,0,16,32,0,0
instance-_1,hmax,1,1.0,1,1100,1,46,181,2,2,0,0,fn-counters-rnd,0,2,4,0,0
instance-_2,hmrp,180,180.0,87,7998,6254,7247,41,17927,382181,191444,0,fn-counters-rnd,0,16,32,0,0
instance-_3,hmrp,108,108.0,42,2111,1193,1405,19,814,15391,4074,0,fn-counters-rnd,0,12,24,0,0
instance-_3,aibr,1,1.0,2,542,1,6,30,2,2,0,0,fn-counters-rnd,0,2,4,0,0
instance-_2,hmrp,2,2.0,2,641,1,10,34,3,7,1,0,fn-counters-rnd,0,2,4,0,0
instance-_1,hrmax,1,1.0,1,1095,1,39,185,2,2,0,0,fn-counters-rnd,0,2,4,0,0
instance-_1,hrmax,76,76.0,30,2796,1834,2180,23,4095,56547,39174,0,fn-counters-rnd,0,12,24,0,0
instance-_2,hmrp,104,104.0,71,1777,622,1003,31,427,8144,1987,0,fn-counters-rnd,0,12,24,0,0
instance-_3,hmrp,140,140.0,119,1504,494,751,32,333,8863,1393,0,fn-counters-rnd,0,16,32,0,0
instance-_2,aibr,153,153.0,357,4205,3178,3416,32,1207,30254,8338,0,fn-counters-rnd,0,16,32,0,0
instance-_3,aibr,112,112.0,188,2066,1392,1507,26,473,9403,1888,0,fn-counters-rnd,0,12,24,0,0
instance-_3,hmrp,1,1.0,1,599,0,8,43,2,2,0,0,fn-counters-rnd,0,2,4,0,0
instance-_1,hmax,98,98.0,18,11360,7999,10510,55,71425,815665,860895,0,fn-counters-rnd,0,12,24,0,0
instance-_2,aibr,2,2.0,4,585,2,9,15,3,7,1,0,fn-counters-rnd,0,2,4,0,0
instance-_3,hmax,129,129.0,16,65903,49915,65261,40,510585,5415345,6646450,0,fn-counters-rnd,0,12,24,0,0
instance-_1,hmrp,1,1.0,1,1099,0,44,194,2,2,0,0,fn-counters-rnd,0,2,4,0,0
instance-_2,hmax,2,2.0,2,628,1,9,21,3,7,1,0,fn-counters-rnd,0,2,4,0,0
instance-_1,aibr,78,78.0,207,1361,683,741,27,131,2750,353,0,fn-counters-rnd,0,12,24,0,0
instance-_1,hmrp,162,162.0,92,3545,2376,2901,29,4928,113282,44251,0,fn-counters-rnd,0,16,32,0,0
instance-_3,hmax,209,209.0,26,3086458,2292327,3085647,25,11896654,166602195,214067571,0,fn-counters-rnd,0,16,32,0,0
instance-_1,aibr,1,1.0,2,1096,1,44,195,2,2,0,0,fn-counters-rnd,0,2,4,0,0
instance-_2,hmax,142,142.0,24,29656,22290,29035,34,210478,2396712,2650403,0,fn-counters-rnd,0,12,24,0,0
instance-_1,hmrp,79,79.0,46,1429,535,679,20,607,10699,3834,0,fn-counters-rnd,0,12,24,0,0
instance-_3,hmax,1,1.0,1,576,1,13,22,2,2,0,0,fn-counters-rnd,0,2,4,0,0
instance-_1,aibr,166,166.0,442,4405,3562,3787,59,1099,27865,6486,0,fn-counters-rnd,0,16,32,0,0
instance-_2,aibr,368,368.0,168,726568,714901,725975,40,841974,1779886,4925367,0,plant-watering,0,15,19,0,0
instance-_3,hmrp,419,419.0,80,2363,977,1531,44,7342,14123,38213,0,plant-watering,0,15,19,0,0
instance-_1,aibr,648,648.0,213,7986317,7794121,7985267,129,16701981,28733484,90239532,0,plant-watering,0,17,21,0,0
instance-_1,hmax,444,444.0,18,2436830,1832967,2436133,31,63716947,128216243,389937517,0,plant-watering,0,15,19,0,0
instance-_2,hmrp,322,322.0,59,2191,968,1466,40,9648,14193,55555,0,plant-watering,0,15,19,0,0
instance-_3,aibr,384,384.0,184,36886,35021,36127,54,94610,183671,523778,0,plant-watering,0,15,19,0,0
instance-_1,hmrp,606,606.0,87,3289,1572,2230,149,22358,34718,130834,0,plant-watering,0,17,21,0,0
instance-_3,hrmax,453,453.0,20,14677331,13945239,14676522,32,62560220,154497175,365238374,0,plant-watering,0,15,19,0,0
instance-_1,aibr,519,519.0,204,41186,39542,40454,58,43195,100188,233407,0,plant-watering,0,15,19,0,0
instance-_2,hrmax,360,360.0,20,98729,93227,97946,42,375160,1060292,2091195,0,plant-watering,0,15,19,0,0
instance-_1,hmrp,434,434.0,69,2594,1480,1769,68,15032,22882,83378,0,plant-watering,0,15,19,0,0
instance-_2,hmax,313,313.0,12,817510,649468,816763,47,15922154,38274310,93409225,0,plant-watering,0,15,19,0,0
instance-_1,hrmax,516,516.0,27,213391,199737,212669,49,1152261,2589583,6804616,0,plant-watering,0,15,19,0,0
instance-_1229,hmrp,765,765.0,518,2048,398,742,358,911,5755,681,0,sailing,10,2,17,0,0
instance-_1229,hmax,1007,1007.0,163,697906,453825,696432,533,28346434,36193792,162445594,0,sailing,10,2,17,0,0
p3,hrmax,758,758.0,13,2565,1333,1771,108,3504,22117,69296,0,continuous,26,40,66,0,0
p4,hrmax,939,939.0,13,3625,2099,2660,79,3429,33388,73169,0,continuous,31,50,81,0,0
p2,hrmax,566,566.0,13,2126,1092,1357,78,2081,13085,28734,0,continuous,20,30,50,0,0
p4,hmax,939,939.0,13,3398,2155,2529,71,3429,33388,73169,0,continuous,31,50,81,0,0
p0,hmrp,195,195.0,66,1219,104,156,36,258,970,605,0,continuous,6,10,16,0,0
p3,hmax,758,758.0,13,2860,1640,1986,61,3504,22117,69296,0,continuous,26,40,66,0,0
p1,hmrp,388,388.0,133,1301,489,605,81,518,3441,3353,0,continuous,13,20,33,0,0
p0,aibr,204,204.0,91,52692,49454,52027,52,280156,483868,1285264,0,continuous,6,10,16,0,0
p2,hmax,566,566.0,13,2072,756,1306,42,2081,13085,28734,0,continuous,20,30,50,0,0
p0,hrmax,198,198.0,13,759,79,144,39,1150,2163,4848,0,continuous,6,10,16,0,0
p4,hmrp,970,970.0,331,3289,2037,2471,65,1316,20451,20507,0,continuous,31,50,81,0,0
p1,hrmax,381,381.0,13,1757,724,1029,43,3117,8686,32175,0,continuous,13,20,33,0,0
p0,hmax,198,198.0,13,997,172,337,36,1150,2163,4848,0,continuous,6,10,16,0,0
p2,aibr,570,570.0,295,17690647,17294977,17689875,81,11929126,39956842,198628468,0,continuous,20,30,50,0,0
p3,hmrp,795,795.0,266,2483,1262,1551,42,1070,13850,14097,0,continuous,26,40,66,0,0
p1,hmax,381,381.0,13,1559,650,895,39,3117,8686,32175,0,continuous,13,20,33,0,0
p2,hmrp,582,582.0,200,2290,1219,1378,58,785,7643,8150,0,continuous,20,30,50,0,0
p3,hrmax,913,913.0,13,25796,14538,23217,160,206143,283465,5532767,0,discrete,283,0,283,0,0
p2,hrmax,671,671.0,13,4256,1770,2353,218,14634,28282,274668,0,discrete,203,0,203,0,0
p1,aibr,439,439.0,135,1974720,1972906,1973359,102,10698,20945,124834,0,discrete,135,0,135,0,0
p0,hmrp,218,218.0,66,2379,1111,1316,199,4341,11568,25300,0,discrete,67,0,67,0,0
p3,hmax,913,913.0,13,25045,13915,22701,390,206143,283465,5532767,0,discrete,283,0,283,0,0
p1,hmrp,447,447.0,133,6027,4174,4731,86,9139,51029,87531,0,discrete,135,0,135,0,0
p0,aibr,218,218.0,67,38006,36333,36805,75,436,1588,1314,0,discrete,67,0,67,0,0
p2,hmax,671,671.0,13,4769,1742,2738,481,14634,28282,274668,0,discrete,203,0,203,0,0
p0,hrmax,219,219.0,13,2061,514,1058,166,6963,9146,39510,0,discrete,67,0,67,0,0
p1,hrmax,443,443.0,13,2633,772,1211,333,14066,20440,174083,0,discrete,135,0,135,0,0
p0,hmax,219,219.0,13,1793,410,612,104,6963,9146,39510,0,discrete,67,0,67,0,0
p2,aibr,667,667.0,203,54650410,54646465,54648968,174,27985,257403,310988,0,discrete,203,0,203,0,0
p3,hmrp,898,898.0,266,74670,69420,72879,333,46651,477663,872122,0,discrete,283,0,283,0,0
p1,hmax,443,443.0,13,3241,1034,1578,221,14066,20440,174083,0,discrete,135,0,135,0,0
p2,hmrp,675,675.0,200,40126,35592,38700,271,65446,449735,1100946,0,discrete,203,0,203,0,0
